{"_id":{"$oid":"5e83766722a7d0e472e95484"},"uuid":"c3b9402747b1433d8b20cd54c7da3f5d","username":"thirtyvirus","total":{"$numberInt":"39211"},"daily":{"$numberInt":"22856"},"weekly":{"$numberInt":"22856"},"rank":{"$numberInt":"1"}}
{"_id":{"$oid":"5e8376bc22a7d0e472ea546a"},"uuid":"b876ec32e396476ba1158438d83c67d4","username":"Technoblade","total":{"$numberInt":"28638"},"daily":{"$numberInt":"16967"},"weekly":{"$numberInt":"16967"},"rank":{"$numberInt":"2"}}
{"_id":{"$oid":"5e8377b622a7d0e472eeab25"},"uuid":"f7c77d999f154a66a87dc4a51ef30d19","username":"hypixel","total":{"$numberInt":"22283"},"daily":{"$numberInt":"13030"},"weekly":{"$numberInt":"13030"},"rank":{"$numberInt":"3"}}
{"_id":{"$oid":"5e83776a22a7d0e472ed4024"},"uuid":"b648a65b0d5f4dfea7b7411d29aae0c4","username":"Akinsoft","total":{"$numberInt":"21853"},"daily":{"$numberInt":"14688"},"weekly":{"$numberInt":"14688"},"rank":{"$numberInt":"4"}}
{"_id":{"$oid":"5e8376a222a7d0e472e9d428"},"uuid":"16751f79c0b14e53a0b590d31fc1d80d","username":"TimeDeo","total":{"$numberInt":"14524"},"daily":{"$numberInt":"9126"},"weekly":{"$numberInt":"9126"},"rank":{"$numberInt":"6"}}
{"_id":{"$oid":"5e83775d22a7d0e472ed13f0"},"uuid":"ae6193ab494a4719b6e7d50392c8f012","username":"Pigicial","total":{"$numberInt":"8446"},"rank":{"$numberInt":"8"},"daily":{"$numberInt":"4926"},"weekly":{"$numberInt":"4926"}}
{"_id":{"$oid":"5e8376ad22a7d0e472ea0c36"},"uuid":"20934ef9488c465180a78f861586b4cf","username":"Minikloon","total":{"$numberInt":"8232"},"rank":{"$numberInt":"9"},"daily":{"$numberInt":"5901"},"weekly":{"$numberInt":"5901"}}
{"_id":{"$oid":"5e83766022a7d0e472e95415"},"uuid":"1915444928b64d8b8973df8044f8cdb7","username":"LeaPhant","total":{"$numberInt":"7410"},"rank":{"$numberInt":"10"},"daily":{"$numberInt":"4234"},"weekly":{"$numberInt":"4234"}}
{"_id":{"$oid":"5e8377ad22a7d0e472ee7b49"},"uuid":"eeed626f8e03449699201d5fe00965f5","username":"iceblades11","total":{"$numberInt":"5898"},"daily":{"$numberInt":"3394"},"weekly":{"$numberInt":"3394"},"rank":{"$numberInt":"11"}}
{"_id":{"$oid":"5e8377ac22a7d0e472ee7785"},"uuid":"ee590354ace046b5acf7b03ae69cd8e6","username":"im_a_squid_kid","total":{"$numberInt":"5721"},"daily":{"$numberInt":"3824"},"weekly":{"$numberInt":"3824"},"rank":{"$numberInt":"12"}}
{"_id":{"$oid":"5e83777922a7d0e472ed8328"},"uuid":"f025c1c7f55a4ea0b8d93f47d17dfe0f","username":"Plancke","total":{"$numberInt":"5360"},"rank":{"$numberInt":"13"},"daily":{"$numberInt":"3373"},"weekly":{"$numberInt":"3373"}}
{"_id":{"$oid":"5e83769422a7d0e472e99a8a"},"uuid":"0c0b857f415943248f772164bf76795c","username":"MenacingBanana","total":{"$numberInt":"4866"},"rank":{"$numberInt":"14"},"daily":{"$numberInt":"2848"},"weekly":{"$numberInt":"2848"}}
{"_id":{"$oid":"5e8377a222a7d0e472ee517b"},"uuid":"e764154e002f436b95b7ae328a5321e2","username":"Mekzz","total":{"$numberInt":"4459"},"daily":{"$numberInt":"3236"},"weekly":{"$numberInt":"3236"},"rank":{"$numberInt":"15"}}
{"_id":{"$oid":"5e83779322a7d0e472edf562"},"uuid":"e80e8194323e414298515e1bcb8a3508","username":"TommyInnit","total":{"$numberInt":"3581"},"rank":{"$numberInt":"18"},"daily":{"$numberInt":"2495"},"weekly":{"$numberInt":"2495"}}
{"_id":{"$oid":"5e83777322a7d0e472ed6695"},"uuid":"fa4b70bc19fa43e28a3c0b1327c272fb","username":"PortalHub","total":{"$numberInt":"3482"},"rank":{"$numberInt":"19"},"daily":{"$numberInt":"3117"},"weekly":{"$numberInt":"3117"}}
{"_id":{"$oid":"5e83777d22a7d0e472ed958e"},"uuid":"c56ff637f95a4618bcc5891122de92fb","username":"Linman","total":{"$numberInt":"2918"},"daily":{"$numberInt":"1421"},"weekly":{"$numberInt":"1421"},"rank":{"$numberInt":"22"}}
{"_id":{"$oid":"5e8376ee22a7d0e472eb1343"},"uuid":"500ef8d1f7194132998ca086f9cab057","username":"PixelClub","total":{"$numberInt":"2842"},"rank":{"$numberInt":"23"},"daily":{"$numberInt":"1635"},"weekly":{"$numberInt":"1635"}}
{"_id":{"$oid":"5e8376e622a7d0e472eae320"},"uuid":"473f65076fad4e75af274b2e44187222","username":"siimon_cabsa","total":{"$numberInt":"2638"},"rank":{"$numberInt":"24"},"daily":{"$numberInt":"2116"},"weekly":{"$numberInt":"2116"}}
{"_id":{"$oid":"5e83776622a7d0e472ed34f8"},"uuid":"b44d2d5272dc49c28185b2d6a158d80a","username":"metalcupcake5","total":{"$numberDouble":"2477.0"},"rank":{"$numberInt":"56047"},"daily":{"$numberInt":"1"},"weekly":{"$numberInt":"1"}}
{"_id":{"$oid":"5e8377ae22a7d0e472ee8177"},"uuid":"f01633e9d2b9410c9d542412753cd26f","username":"SirFischbrot","total":{"$numberInt":"2449"},"rank":{"$numberInt":"26"},"daily":{"$numberInt":"1443"},"weekly":{"$numberInt":"1443"}}
